eval,target,case,rows,ref_mean_ps,pred_mean_ps,mean_error_ps,mae_ps,mse_ps2,rmse_ps,mse_ns2,rmse_ns,p95_abs_error_ps,p99_abs_error_ps,max_abs_error_ps,wmape_pct,smape_pct,mape_pct_ref_gt_1fs,r2,pearson_r,within_5ps_pct,within_10ps_pct,within_20ps_pct,within_50ps_pct
detail_postroute_si,row_delay,iwls2005__ac97_ctrl,1250,40.8952,44.0772854,3.18208543,3.68667567,23.204508,4.81710577,2.3204508e-05,0.00481710577,8.5326,8.9866,8.9866,9.01493493,23.2691903,8.34035243,0.883095189,0.984700928,67.28,100,100,100
detail_postroute_si,row_delay,iwls2005__des,815,38.6441718,42.3783636,3.73419184,3.80191307,27.7847459,5.27112378,2.77847459e-05,0.00527112378,10.602,10.602,10.602,9.83825734,32.1477612,9.28338697,0.894390945,0.986198428,69.3251534,83.0674847,100,100
detail_postroute_si,row_delay,iwls2005__mem_ctrl,1300,38.37,39.586406,1.216406,2.35027093,8.46895706,2.91014726,8.46895706e-06,0.00291014726,4.9674,7.1925,7.1925,6.12528258,21.0909807,6.27381747,0.947659617,0.982941719,95.0769231,100,100,100
detail_postroute_si,row_delay,iwls2005__pci,1043,49.7286673,54.0171042,4.28843693,4.42665362,33.9248213,5.8245018,3.39248213e-05,0.0058245018,12.8234,12.8234,12.8234,8.90161321,10.4544747,8.62268579,0.673842531,0.956998437,70.8533078,90.316395,100,100
detail_postroute_si,row_delay,iwls2005__sasc,839,33.0715137,34.2119117,1.14039794,1.49773954,3.38898116,1.84091857,3.38898116e-06,0.00184091857,3.5115,4.5329,4.8578,4.52879041,27.8242116,4.6536331,0.978176671,0.993757131,100,100,100,100
detail_postroute_si,row_delay,iwls2005__simple_spi,900,33.5877778,33.9966911,0.408913329,1.26629177,2.75663254,1.66031098,2.75663254e-06,0.00166031098,3.317135,4.4807,5.204,3.77009691,25.5359776,3.7847767,0.981417361,0.991683614,99.5555556,100,100,100
detail_postroute_si,row_delay,iwls2005__spi,1100,37.1963636,38.3125184,1.11615473,2.136186,7.12519793,2.66930664,7.12519793e-06,0.00266930664,4.4247,5.7733,7.3203,5.74299687,23.2517905,5.72954536,0.953439924,0.982162728,96.3636364,100,100,100
detail_postroute_si,row_delay,iwls2005__ss_pcm,723,31.5532503,32.137483,0.584232671,1.97265591,6.11208039,2.4722622,6.11208039e-06,0.0024722622,4.5484,5.617084,5.6323,6.25183107,29.7776448,6.54243348,0.959381152,0.983843963,96.6804979,100,100,100
detail_postroute_si,row_delay,iwls2005__systemcaes,1100,44.9918182,44.9432362,-0.0485820045,1.95665581,7.40378796,2.72099025,7.40378796e-06,0.00272099025,5.6569,5.6569,7.3211,4.34891474,21.910359,4.13901692,0.97278355,0.986375911,90.2727273,100,100,100
detail_postroute_si,row_delay,iwls2005__systemcdes,900,38.0733333,38.7993227,0.725989329,1.69009911,4.32324114,2.07924052,4.32324114e-06,0.00207924052,3.914845,3.9771,4.5437,4.43906262,26.1890785,4.5605796,0.9775041,0.990454604,100,100,100,100
detail_postroute_si,row_delay,iwls2005__tv80,1076,39.6133829,39.7130755,0.0996926106,1.04306826,2.51517135,1.58592918,2.51517135e-06,0.00158592918,3.6798,5.0419,5.4995,2.63312089,21.0805248,2.80721403,0.987980288,0.994236613,98.4200743,100,100,100
detail_postroute_si,row_delay,iwls2005__usb_funct,640,46.8515625,49.8583848,3.00682225,3.66025975,27.333336,5.2281293,2.7333336e-05,0.0052281293,10.3529,11.122,14.5695,7.81246037,37.617226,8.03779436,0.941810867,0.983088939,71.5625,82.65625,100,100
detail_postroute_si,row_delay,iwls2005__usb_phy,870,31.3551724,32.4125046,1.05733217,1.85602688,5.46305414,2.33731772,5.46305414e-06,0.00233731772,4.63395,5.3331,5.3331,5.9193643,27.6827148,5.96642386,0.961772012,0.988176837,98.1609195,100,100,100
detail_postroute_si,row_delay,iwls2005__vga_lcd,2100,61.0680952,59.6529273,-1.41516792,4.59458874,44.813135,6.69426135,4.4813135e-05,0.00669426135,14.6154,23.7523,23.7523,7.52371385,16.851432,7.49946095,0.926842709,0.964500202,63.4761905,91,96.9047619,100
detail_postroute_si,row_delay,iwls2005__wb_conmax,1287,47.6550117,41.0879947,-6.56701697,6.94030325,78.0450017,8.83430822,7.80450017e-05,0.00883430822,17.2782,17.2782,30.0619,14.5636377,29.1266025,13.4770968,0.750727857,0.956609203,43.9005439,67.5213675,99.9222999,100
detail_postroute_si,row_delay,iwls2005__wb_dma,1100,38.6645455,39.7302911,1.06574569,1.80187788,6.47927308,2.54544163,6.47927308e-06,0.00254544163,6.5178,6.5178,6.5178,4.66028465,22.3702326,4.75869643,0.963585682,0.986075959,90.9090909,100,100,100
detail_postroute_si,row_delay,openroad__dynamic_node,1495,49.6167224,49.480735,-0.135987386,1.99348298,6.51307843,2.55207336,6.51307843e-06,0.00255207336,4.6554,5.659,5.9704,4.01776434,16.6865511,4.22013617,0.979325597,0.989784106,98.4615385,100,100,100
detail_postroute_si,row_delay,openroad__ethmac,1500,53.3813333,55.057552,1.67621872,3.29443325,17.9572012,4.2375938,1.79572012e-05,0.0042375938,8.8144,10.961,17.5887,6.17150798,18.784961,6.01175202,0.961830648,0.986610509,76.6,97.6666667,100,100
detail_postroute_si,row_delay,openroad__fifo,1300,38.2084615,38.9999478,0.791486292,1.46583521,3.82512564,1.95579284,3.82512564e-06,0.00195579284,4.0719,5.5398,6.1574,3.83641517,18.9954565,4.01740774,0.98064543,0.991897868,96.3846154,100,100,100
detail_postroute_si,row_delay,openroad__gcd,291,27.8041237,28.093447,0.289323299,1.12611024,2.35903424,1.53591479,2.35903424e-06,0.00153591479,2.9378,4.1447,4.1447,4.05015548,26.9858953,4.13566831,0.979325311,0.990578212,100,100,100,100
detail_postroute_si,row_delay,openroad__jpeg,1235,55.5376518,59.8468916,4.30923976,4.63916656,31.3737759,5.60122985,3.13737759e-05,0.00560122985,10.3451,10.3451,10.3451,8.35319177,7.43459791,7.77603337,0.843931681,0.991606878,60.8906883,91.902834,100,100
detail_postroute_si,row_delay,openroad__spi,166,29.1746988,29.8930737,0.718374855,1.16594835,2.72739206,1.65148178,2.72739206e-06,0.00165148178,3.4037,4.146,4.146,3.99643663,33.3358412,3.88407988,0.983862698,0.994474243,100,100,100,100
detail_postroute_si,row_delay,openroad__uart,707,32.311174,33.0659999,0.754825914,1.38309126,3.7933116,1.94764258,3.7933116e-06,0.00194764258,4.17223,6.6716,6.6716,4.28053546,26.1832674,4.40875791,0.975564604,0.991600318,97.1711457,100,100,100
detail_postroute_si,arrival,iwls2005__ac97_ctrl,1250,174.036,191.830465,17.7944653,17.7944653,358.879247,18.9441085,0.000358879247,0.0189441085,29.4930624,32.2423523,33.197126,10.2245888,10.7286831,11.3953441,0.93365069,0.997973351,0,16.4,64.16,100
detail_postroute_si,arrival,iwls2005__des,815,193.370552,214.089989,20.7194369,20.7194369,530.791757,23.0389183,0.000530791757,0.0230389183,35.7640908,39.3064332,43.866556,10.7148874,9.9975141,10.5869148,0.942844162,0.998790787,12.6380368,12.6380368,40.6134969,100
detail_postroute_si,arrival,iwls2005__mem_ctrl,1300,155.686154,158.698646,3.0124923,5.04613215,46.5959646,6.82612369,4.65959646e-05,0.00682612369,15.033546,17.732948,19.044987,3.24122089,4.05170082,4.01028377,0.991759849,0.998296303,69,83,100,100
detail_postroute_si,arrival,iwls2005__pci,1043,166.487057,183.706846,17.2197895,17.2197895,377.882377,19.4391969,0.000377882377,0.0194391969,31.893801,35.595903,45.650108,10.34302,10.7034357,11.505877,0.928325198,0.994925301,9.58772771,13.9980825,61.2655801,100
detail_postroute_si,arrival,iwls2005__sasc,839,95.4779499,99.2449512,3.76700121,3.97932966,27.4571527,5.23995732,2.74571527e-05,0.00523995732,10.535013,11.1610724,11.264093,4.16779964,3.8790553,3.98592693,0.983940962,0.997597106,64.2431466,92.8486293,100,100
detail_postroute_si,arrival,iwls2005__simple_spi,900,98.95,99.9069944,0.95699436,2.51772991,11.3369865,3.36704417,1.13369865e-05,0.00336704417,6.996632,9.10909145,9.550434,2.5444466,2.48477446,2.49060144,0.993969049,0.998164212,85,100,100,100
detail_postroute_si,arrival,iwls2005__spi,1100,131.757273,137.820411,6.06313788,6.07116297,63.5237078,7.97017615,6.35237078e-05,0.00797017615,16.8759812,24.21728,25.709698,4.60783898,5.31372462,5.53028311,0.981357631,0.996346421,48.1818182,82.6363636,97,100
detail_postroute_si,arrival,iwls2005__ss_pcm,723,94.0359613,94.8323678,0.796406526,3.3706651,17.4106886,4.17261172,1.74106886e-05,0.00417261172,8.594512,10.2942654,10.327452,3.58444265,4.511987,4.43005186,0.990698505,0.997642148,80.3596127,97.7869986,100,100
detail_postroute_si,arrival,iwls2005__systemcaes,1100,165.322727,164.922015,-0.40071211,5.82736543,40.7337661,6.382301,4.07337661e-05,0.006382301,9.853721,13.9750703,17.605483,3.52484231,4.24758204,4.25471927,0.991145398,0.995602009,40.2727273,95.1818182,100,100
detail_postroute_si,arrival,iwls2005__systemcdes,900,115.801111,119.512605,3.71149428,4.46349958,35.1720682,5.93060437,3.51720682e-05,0.00593060437,12.554511,16.003736,17.08347,3.85445315,4.08552002,4.21595989,0.985031318,0.995661143,66.8888889,87.1111111,100,100
detail_postroute_si,arrival,iwls2005__tv80,1076,144.078067,142.98956,-1.08850687,2.56368217,8.87985694,2.97990888,8.87985694e-06,0.00297990888,5.2749125,8.62389875,10.919822,1.77937019,2.09167191,2.07323296,0.997399027,0.999096061,94.1449814,99.8141264,100,100
detail_postroute_si,arrival,iwls2005__usb_funct,640,155.564063,167.61339,12.0493279,12.7758712,229.021234,15.1334475,0.000229021234,0.0151334475,27.961461,35.794399,42.708385,8.21261094,8.92283979,9.49715433,0.943419663,0.99117337,19.6875,26.40625,83.28125,100
detail_postroute_si,arrival,iwls2005__usb_phy,870,91.4770115,94.3152094,2.8381979,3.90293508,29.6521826,5.44538177,2.96521826e-05,0.00544538177,11.2382323,13.3838044,14.034685,4.26657475,4.13470287,4.19159639,0.983963434,0.996947991,67.2413793,87.3563218,100,100
detail_postroute_si,arrival,iwls2005__vga_lcd,2100,408.756667,400.276378,-8.48028908,26.4457036,1119.30766,33.4560557,0.00111930766,0.0334560557,63.223647,65.2881282,78.314778,6.46979138,10.9160095,13.2346462,0.968698535,0.987082702,9.85714286,23.8571429,55.4285714,78.3333333
detail_postroute_si,arrival,iwls2005__wb_conmax,1287,200.573427,167.675405,-32.8980213,32.8980213,1272.58847,35.6733579,0.00127258847,0.0356733579,53.926792,53.926792,74.703082,16.401984,19.9441018,17.9797524,0.840664175,0.993411655,0,0,23.3100233,76.5345765
detail_postroute_si,arrival,iwls2005__wb_dma,1100,138.298182,143.807247,5.50906476,5.98639002,57.0237143,7.55140479,5.70237143e-05,0.00755140479,14.2655052,16.0708815,17.190287,4.32861079,4.88969342,5.09471674,0.984121901,0.996477933,46.5454545,78.1818182,100,100
detail_postroute_si,arrival,openroad__dynamic_node,1495,232.857525,229.336428,-3.5210974,5.79926405,45.8790569,6.77340807,4.58790569e-05,0.00677340807,13.5023035,15.152571,16.418381,2.49047741,3.72036362,3.61598383,0.996379619,0.998811306,43.4782609,84.2809365,100,100
detail_postroute_si,arrival,openroad__ethmac,1500,254.352667,262.968456,8.61578936,9.52735855,172.903364,13.1492724,0.000172903364,0.0131492724,26.4691421,31.109025,36.732981,3.7457278,3.70459369,3.7741905,0.988257825,0.997711113,52.8,62.0666667,79.6666667,100
detail_postroute_si,arrival,openroad__fifo,1300,150.954615,153.069705,2.11508964,4.06004209,32.6552413,5.71447647,3.26552413e-05,0.00571447647,12.5704805,18.146249,20.872002,2.68957798,2.89288626,2.93342092,0.994506693,0.997995657,72.6153846,90.1538462,99.5384615,100
detail_postroute_si,arrival,openroad__gcd,291,77.0171821,77.2987479,0.281565801,2.15765855,8.42412592,2.90243448,8.42412592e-06,0.00290243448,7.701668,8.8449291,8.848137,2.80152881,3.00096257,2.97880245,0.993483885,0.997582881,91.7525773,100,100,100
detail_postroute_si,arrival,openroad__jpeg,1235,222.259919,243.120731,20.8608122,20.8608122,478.370207,21.8716759,0.000478370207,0.0218716759,31.6018347,36.072974,40.994885,9.38577331,9.6623914,10.1776324,0.941806058,0.999193633,0,8.09716599,44.8582996,100
detail_postroute_si,arrival,openroad__spi,166,71.186747,73.2221861,2.03543911,2.4563154,11.9892701,3.46255254,1.19892701e-05,0.00346255254,6.431686,7.0570813,7.06323,3.45052345,2.96592944,3.02372793,0.987228696,0.997614665,74.6987952,100,100,100
detail_postroute_si,arrival,openroad__uart,707,93.5940594,95.1293375,1.53527808,3.254834,19.8135814,4.45124493,1.98135814e-05,0.00445124493,9.3379122,12.9407572,13.962282,3.47760747,3.63638633,3.64997474,0.990102229,0.997194862,77.6520509,95.4738331,100,100
postcts_global_no_si,row_delay,iwls2005__ac97_ctrl,1235,42.6672065,44.3006748,1.63346831,2.40113017,9.31529526,3.05209686,9.31529526e-06,0.00305209686,6.5326,6.5326,6.5326,5.62757765,21.0045156,5.37466586,0.95905419,0.990504752,84.1295547,100,100,100
postcts_global_no_si,row_delay,iwls2005__des,817,41.753978,42.408888,0.654910018,1.26646693,2.84735327,1.68741023,2.84735327e-06,0.00168741023,3.28832,4.204724,4.8844,3.03316473,27.1846487,3.12838163,0.991451669,0.996582213,100,100,100,100
postcts_global_no_si,row_delay,iwls2005__mem_ctrl,1300,40.8684615,39.9234641,-0.94499741,1.75926782,5.52900883,2.35138445,5.52900883e-06,0.00235138445,5.2196,5.2196,5.2196,4.30470772,19.5361078,4.39056703,0.972332237,0.98851023,92.3076923,100,100,100
postcts_global_no_si,row_delay,iwls2005__pci,1054,53.3548387,53.9146444,0.559805685,1.20280322,2.44372429,1.5632416,2.44372429e-06,0.0015632416,3.429,4.241527,7.8033,2.25434702,4.88614401,2.48797167,0.984459228,0.99323237,99.6204934,100,100,100
postcts_global_no_si,row_delay,iwls2005__sasc,851,33.132785,34.1372464,1.00446143,1.28623182,2.63790153,1.62416179,2.63790153e-06,0.00162416179,2.9506,4.1329,4.6672,3.88205162,26.9070788,3.95849519,0.982715403,0.995097697,100,100,100,100
postcts_global_no_si,row_delay,iwls2005__simple_spi,900,33.1777778,34.0049386,0.827160773,1.24706388,2.83318931,1.68320804,2.83318931e-06,0.00168320804,3.4807,4.216767,5.4807,3.7587324,25.48665,3.76412729,0.980602205,0.993302717,99,100,100,100
postcts_global_no_si,row_delay,iwls2005__spi,1100,38.7045455,38.6352161,-0.0693293845,1.29461334,3.6019769,1.89788748,3.6019769e-06,0.00189788748,3.6182,4.0524,5.3203,3.34486125,21.2470048,3.38899499,0.979443222,0.989727323,99.0909091,100,100,100
postcts_global_no_si,row_delay,iwls2005__ss_pcm,779,32.4159178,32.4128049,-0.00311293838,1.5756637,4.02758352,2.00688403,4.02758352e-06,0.00200688403,3.4888,3.905682,4.6323,4.86077151,26.9859132,5.18074319,0.972913288,0.987778304,100,100,100,100
postcts_global_no_si,row_delay,iwls2005__systemcaes,1100,47.2081818,44.9032404,-2.30494143,2.7827833,15.1090613,3.8870376,1.51090613e-05,0.0038870376,7.3431,7.3431,7.3431,5.89470552,23.1838837,5.29208037,0.953087956,0.989116591,68.7272727,100,100,100
postcts_global_no_si,row_delay,iwls2005__systemcdes,900,39.2233333,38.7993227,-0.424010671,1.31531422,2.76576292,1.6630583,2.76576292e-06,0.0016630583,3.3535,3.5297,3.5909,3.35339734,25.2297007,3.36638352,0.986764018,0.993951745,100,100,100,100
postcts_global_no_si,row_delay,iwls2005__tv80,1079,41.3836886,39.7974241,-1.58626446,2.40938263,9.39092875,3.06446223,9.39092875e-06,0.00306446223,6.7936,6.7936,6.7936,5.82205866,23.7579693,5.63401301,0.959489356,0.987349118,90.7321594,100,100,100
postcts_global_no_si,row_delay,iwls2005__usb_funct,640,50.9140625,49.9167464,-0.99731612,2.48214955,9.80684324,3.13158797,9.80684324e-06,0.00313158797,5.7253,9.4449,10.5695,4.87517481,34.9427428,5.63842832,0.982766586,0.992770944,93.59375,99.375,100,100
postcts_global_no_si,row_delay,iwls2005__usb_phy,870,31.5931034,32.4192507,0.826147226,1.84695136,5.03940325,2.24486152,5.03940325e-06,0.00224486152,3.6742,4.5455,4.5455,5.84605867,27.7087258,5.91806673,0.964808625,0.988109138,100,100,100,100
postcts_global_no_si,row_delay,iwls2005__vga_lcd,2100,63.48,59.28178,-4.19821999,6.39720106,74.6279169,8.6387451,7.46279169e-05,0.0086387451,18.806,18.806,18.806,10.0775064,18.7090873,9.34740709,0.909766716,0.974910094,51.9047619,78,100,100
postcts_global_no_si,row_delay,iwls2005__wb_conmax,1296,49.6520062,41.360929,-8.29107717,8.30219206,93.949234,9.69274131,9.3949234e-05,0.00969274131,15.2087,16.442,26.0619,16.7207585,31.5974467,15.9543984,0.698098232,0.976009687,38.1944444,53.0092593,99.9228395,100
postcts_global_no_si,row_delay,iwls2005__wb_dma,1100,41.8363636,39.9019313,-1.93443231,2.34388714,8.59323696,2.93142234,8.59323696e-06,0.00293142234,5.4822,5.4822,5.4822,5.60251164,23.2069246,5.3552043,0.961771159,0.991414127,90.9090909,100,100,100
postcts_global_no_si,row_delay,openroad__dynamic_node,1495,51.1698997,49.5991526,-1.57074702,2.28771399,10.2622657,3.20347712,1.02622657e-05,0.00320347712,7.6554,7.6554,7.6554,4.47081976,17.2685313,4.67062569,0.967887382,0.987903676,86.5551839,100,100,100
postcts_global_no_si,row_delay,openroad__ethmac,1500,58.4753333,55.1032547,-3.37207861,4.46339966,46.5597569,6.82347103,4.65597569e-05,0.00682347103,19.9393,19.9393,19.9393,7.63296146,20.1791031,6.99083343,0.930826374,0.977577181,75.2666667,88.8,100,100
postcts_global_no_si,row_delay,openroad__fifo,1300,38.1984615,39.0354967,0.837035142,1.9940113,6.73745236,2.59566029,6.73745236e-06,0.00259566029,4.7321,6.7321,6.7321,5.22013509,20.2005913,5.29185271,0.96178196,0.985304166,95.2307692,100,100,100
postcts_global_no_si,row_delay,openroad__gcd,291,27.8865979,28.093447,0.206849072,1.20511711,2.30917926,1.51959839,2.30917926e-06,0.00151959839,2.7806,4.0689,4.0689,4.32149205,27.1782219,4.32178435,0.979241734,0.990887053,100,100,100,100
postcts_global_no_si,row_delay,openroad__jpeg,1241,61.5439162,59.7574139,-1.78650226,2.68676865,10.9518198,3.30935338,1.09518198e-05,0.00330935338,8.8918,8.8918,8.8918,4.3656121,4.51921862,4.43795509,0.967733695,0.990563226,93.5535858,100,100,100
postcts_global_no_si,row_delay,openroad__spi,166,28.8072289,30.0021062,1.19487727,1.99692666,5.93783729,2.4367678,5.93783729e-06,0.0024367678,4.13,4.13,4.13,6.93203317,35.7723648,6.84425206,0.962495727,0.98978738,100,100,100,100
postcts_global_no_si,row_delay,openroad__uart,707,32.5388967,33.207906,0.669009223,1.8217484,4.79495098,2.18973765,4.79495098e-06,0.00218973765,3.6716,4.574106,5.0157,5.59867907,27.464514,5.79870443,0.969410044,0.989321795,99.4342291,100,100,100
postcts_global_no_si,arrival,iwls2005__ac97_ctrl,1235,179.901215,189.560682,9.65946699,9.68220227,121.293024,11.0133112,0.000121293024,0.0110133112,18.3402444,21.981369,25.113296,5.38195492,6.00936852,6.24115745,0.978784306,0.997947265,19.5951417,55.708502,97.8137652,100
postcts_global_no_si,arrival,iwls2005__des,817,212.238678,214.690242,2.45156397,3.3753698,17.6132394,4.196813,1.76132394e-05,0.004196813,8.2862486,11.2303881,12.966133,1.59036507,1.656208,1.66359943,0.998368807,0.999582771,78.0905753,97.6744186,100,100
postcts_global_no_si,arrival,iwls2005__mem_ctrl,1300,165.746923,159.475604,-6.27131954,6.46308519,54.5483543,7.38568577,5.45483543e-05,0.00738568577,10.946419,10.946419,10.946419,3.89936963,5.45519301,5.24960696,0.991568416,0.99882795,40.5384615,73.5384615,100,100
postcts_global_no_si,arrival,iwls2005__pci,1054,183.402277,185.024954,1.62267719,2.61969442,14.9769687,3.87000888,1.49769687e-05,0.00387000888,9.4881642,11.9449377,15.650108,1.42838708,1.28837477,1.2997197,0.997477229,0.999089079,86.1480076,96.1100569,100,100
postcts_global_no_si,arrival,iwls2005__sasc,851,96.9424207,99.6981915,2.75577081,3.24131437,18.8892938,4.34618152,1.88892938e-05,0.00434618152,8.659155,9.7016845,12.52547,3.34354594,3.12312908,3.18814165,0.989199824,0.997728142,71.4453584,99.2949471,100,100
postcts_global_no_si,arrival,iwls2005__simple_spi,900,97.7355556,99.9103903,2.17483477,3.18543042,17.3385516,4.16395865,1.73385516e-05,0.00416395865,8.6528151,11.542379,12.55002,3.25923396,3.07879712,3.11972098,0.990696134,0.997791293,79,97.1111111,100,100
postcts_global_no_si,arrival,iwls2005__spi,1100,138.510909,138.337793,-0.173115594,3.52074746,18.8340173,4.33981766,1.88340173e-05,0.00433981766,7.95679775,11.693077,13.235183,2.54185571,2.51190301,2.50178067,0.994579176,0.99755763,76.7272727,97.4545455,100,100
postcts_global_no_si,arrival,iwls2005__ss_pcm,779,94.9075738,94.1623637,-0.745210114,3.35661288,13.6811707,3.69880667,1.36811707e-05,0.00369880667,5.616542,6.68730884,6.926609,3.53671762,4.60014462,4.47645531,0.992982035,0.997509485,88.5750963,100,100,100
postcts_global_no_si,arrival,iwls2005__systemcaes,1100,175.815455,164.640912,-11.1745428,11.1745428,140.026131,11.8332638,0.000140026131,0.0118332638,15.867874,18.527066,19.862245,6.35583649,7.49355613,7.18425671,0.970929567,0.998644085,3.81818182,39.3636364,100,100
postcts_global_no_si,arrival,iwls2005__systemcdes,900,121.26,119.512605,-1.74739461,3.0412401,13.2886741,3.64536337,1.32886741e-05,0.00364536337,6.447331,6.447331,7.447331,2.50803241,2.92238512,2.86947434,0.994386098,0.99795019,86.2222222,100,100,100
postcts_global_no_si,arrival,iwls2005__tv80,1079,150.715477,143.354564,-7.36091355,7.40192127,66.0759995,8.1287145,6.60759995e-05,0.0081287145,13.937629,13.937629,13.937629,4.91118856,6.07974344,5.85416985,0.981854357,0.998391678,26.5060241,81.3716404,100,100
postcts_global_no_si,arrival,iwls2005__usb_funct,640,172.076562,167.707302,-4.36926054,6.32404934,55.9116733,7.47741087,5.59116733e-05,0.00747741087,14.2290995,19.038901,22.038901,3.67513695,3.94801996,3.87477099,0.987680588,0.995958912,44.21875,80.78125,99.6875,100
postcts_global_no_si,arrival,iwls2005__usb_phy,870,92.5195402,94.3247294,1.8051892,3.19692399,18.1698189,4.26260706,1.81698189e-05,0.00426260706,8.65428,10.0472129,10.687053,3.4554041,3.82791134,3.81470025,0.990400871,0.997947946,74.5977011,98.1609195,100,100
postcts_global_no_si,arrival,iwls2005__vga_lcd,2100,419.482381,394.088388,-25.3939931,27.911258,1126.50585,33.5634601,0.00112650585,0.0335634601,65.223647,75.137783,75.137783,6.65373787,7.45462778,7.40385254,0.9727317,0.997535356,9.52380952,19.047619,42,85.1428571
postcts_global_no_si,arrival,iwls2005__wb_conmax,1296,208.466049,169.398733,-39.067316,39.067316,1713.81869,41.3982933,0.00171381869,0.0413982933,56.773176,56.773176,78.703082,18.7403734,22.7673947,20.3564591,0.804568653,0.998993035,0,0,15.4320988,75.3858025
postcts_global_no_si,arrival,iwls2005__wb_dma,1100,151.662727,143.918454,-7.74427343,7.76736548,80.9016211,8.99453284,8.09016211e-05,0.00899453284,17.589286,17.599286,18.589286,5.1214729,6.01840194,5.80083243,0.979305247,0.997531346,29.8181818,77.1818182,100,100
postcts_global_no_si,arrival,openroad__dynamic_node,1495,239.26087,230.12819,-9.13267988,9.71019908,122.507445,11.0683082,0.000122507445,0.0110683082,18.152571,22.518097,22.518097,4.05841503,5.88343284,5.61907415,0.990917237,0.998599938,16.9899666,62.4080268,96.4548495,100
postcts_global_no_si,arrival,openroad__ethmac,1500,280.814667,263.11496,-17.6997071,17.8450215,464.658742,21.5559445,0.000464658742,0.0215559445,40.725926,40.902518,44.322964,6.35473272,7.19346698,6.88635946,0.97395582,0.996918571,18.6666667,33.7333333,67.1333333,100
postcts_global_no_si,arrival,openroad__fifo,1300,150.070769,153.194705,3.12393589,3.91316435,26.6438716,5.1617702,2.66438716e-05,0.0051617702,10.8044167,13.2768132,17.275272,2.60754601,3.43905493,3.4312466,0.995470203,0.999102607,70.1538462,93.6153846,100,100
postcts_global_no_si,arrival,openroad__gcd,291,77.6460481,77.2987479,-0.347300179,1.92582645,5.09091128,2.25630478,5.09091128e-06,0.00225630478,4.198152,4.473762,4.478104,2.48026332,3.19177548,3.13460723,0.996082367,0.998752606,100,100,100,100
postcts_global_no_si,arrival,openroad__jpeg,1241,251.952458,243.799299,-8.1531582,8.57949197,130.153868,11.4084998,0.000130153868,0.0114084998,26.069318,26.069318,26.069318,3.40520273,3.37803419,3.30291965,0.986941044,0.997292367,46.4141821,75.5842063,88.3964545,100
postcts_global_no_si,arrival,openroad__spi,166,70.8915663,73.3774738,2.48590757,3.32337828,16.5674237,4.07031003,1.65674237e-05,0.00407031003,7.01683875,7.85440725,7.857436,4.68797412,4.58568491,4.64055709,0.981400282,0.99829512,69.8795181,100,100,100
postcts_global_no_si,arrival,openroad__uart,707,93.8033946,94.8366865,1.03329186,3.05724383,15.0673987,3.88167473,1.50673987e-05,0.00388167473,7.5382123,9.35116254,9.445901,3.25920383,4.08307824,4.02782478,0.99250494,0.998364929,78.7835926,100,100,100
