case,scope,level,requested_dbu,requested_um,length_idx,aligned_um,delta_um,abs_delta_um,rel_error_ratio,full_leaf_level,wirelength_unit_um,unit_res_ohm_per_um,unit_cap_pf_per_um,extra_res_ohm,extra_cap_pf,detail_path,segment_pattern_id,buffer_count,weighted_buffer_count,branch_multiplicity_from_buffers,terminal_branch_buffer,selected_leaf_level
iwls2005__ac97_ctrl,full,0,86286,86.286,3,128.0916,41.8056,41.8056,0.48450000000000004,false,42.6972,0.914,0.0002007,38.2103184,0.00839038392,.trellis/tasks/06-14-cts-wirelength-unit-distortion/runs/wirelength_trace_cts/iwls2005__ac97_ctrl/cts_baseline/cts/ecc-tools/ac97_top/work/icts-native/cts_detail.log,,,,,,
iwls2005__ac97_ctrl,full,1,42910,42.91,2,85.3944,42.4844,42.4844,0.9901000000000001,false,42.6972,0.914,0.0002007,38.8307416,0.00852661908,.trellis/tasks/06-14-cts-wirelength-unit-distortion/runs/wirelength_trace_cts/iwls2005__ac97_ctrl/cts_baseline/cts/ecc-tools/ac97_top/work/icts-native/cts_detail.log,,,,,,
iwls2005__ac97_ctrl,full,2,21475,21.475,1,42.6972,21.2222,21.2222,0.9882,false,42.6972,0.914,0.0002007,19.3970908,0.00425929554,.trellis/tasks/06-14-cts-wirelength-unit-distortion/runs/wirelength_trace_cts/iwls2005__ac97_ctrl/cts_baseline/cts/ecc-tools/ac97_top/work/icts-native/cts_detail.log,,,,,,
iwls2005__ac97_ctrl,full,3,11632,11.632,1,42.6972,31.0652,31.0652,2.6707,true,42.6972,0.914,0.0002007,28.3935928,0.0062347856400000005,.trellis/tasks/06-14-cts-wirelength-unit-distortion/runs/wirelength_trace_cts/iwls2005__ac97_ctrl/cts_baseline/cts/ecc-tools/ac97_top/work/icts-native/cts_detail.log,,,,,,
iwls2005__ac97_ctrl,selected,0,,86.286,3,128.0916,41.8056,41.8056,0.48450000000000004,,42.6972,0.914,0.0002007,38.2103184,0.00839038392,.trellis/tasks/06-14-cts-wirelength-unit-distortion/runs/wirelength_trace_cts/iwls2005__ac97_ctrl/cts_baseline/cts/ecc-tools/ac97_top/work/icts-native/cts_detail.log,26,1,1,1.0,false,false
iwls2005__ac97_ctrl,selected,1,,42.91,2,85.3944,42.4844,42.4844,0.9901000000000001,,42.6972,0.914,0.0002007,38.8307416,0.00852661908,.trellis/tasks/06-14-cts-wirelength-unit-distortion/runs/wirelength_trace_cts/iwls2005__ac97_ctrl/cts_baseline/cts/ecc-tools/ac97_top/work/icts-native/cts_detail.log,6,1,4,4.0,false,false
iwls2005__ac97_ctrl,selected,2,,21.475,1,42.6972,21.2222,21.2222,0.9882,,42.6972,0.914,0.0002007,19.3970908,0.00425929554,.trellis/tasks/06-14-cts-wirelength-unit-distortion/runs/wirelength_trace_cts/iwls2005__ac97_ctrl/cts_baseline/cts/ecc-tools/ac97_top/work/icts-native/cts_detail.log,1,1,16,16.0,true,true
iwls2005__ac97_ctrl,source_trunk,-1,,213.486,5,213.48600000000002,2.842170943040401e-14,2.842170943040401e-14,1.3313149073196373e-16,,42.6972,0.914,0.0002007,2.5977442419389264e-14,5.704237082682084e-18,.trellis/tasks/06-14-cts-wirelength-unit-distortion/runs/wirelength_trace_cts/iwls2005__ac97_ctrl/cts_baseline/cts/ecc-tools/ac97_top/work/icts-native/cts_detail.log,,,,,,
iwls2005__des,full,0,99454,99.454,3,144.048,44.594,44.594,0.4484,false,48.016,0.914,0.0002007,40.758916,0.0089500158,.trellis/tasks/06-14-cts-wirelength-unit-distortion/runs/wirelength_trace_cts/iwls2005__des/cts_baseline/cts/ecc-tools/des/work/icts-native/cts_detail.log,,,,,,
iwls2005__des,full,1,49234,49.234,2,96.032,46.798,46.798,0.9505,false,48.016,0.914,0.0002007,42.773372,0.009392358600000001,.trellis/tasks/06-14-cts-wirelength-unit-distortion/runs/wirelength_trace_cts/iwls2005__des/cts_baseline/cts/ecc-tools/des/work/icts-native/cts_detail.log,,,,,,
iwls2005__des,full,2,24467,24.467,1,48.016,23.549,23.549,0.9625,false,48.016,0.914,0.0002007,21.523786,0.0047262842999999995,.trellis/tasks/06-14-cts-wirelength-unit-distortion/runs/wirelength_trace_cts/iwls2005__des/cts_baseline/cts/ecc-tools/des/work/icts-native/cts_detail.log,,,,,,
iwls2005__des,full,3,13607,13.607,1,48.016,34.409,34.409,2.5288,true,48.016,0.914,0.0002007,31.449826,0.0069058863,.trellis/tasks/06-14-cts-wirelength-unit-distortion/runs/wirelength_trace_cts/iwls2005__des/cts_baseline/cts/ecc-tools/des/work/icts-native/cts_detail.log,,,,,,
iwls2005__des,selected,0,,99.454,3,144.048,44.594,44.594,0.4484,,48.016,0.914,0.0002007,40.758916,0.0089500158,.trellis/tasks/06-14-cts-wirelength-unit-distortion/runs/wirelength_trace_cts/iwls2005__des/cts_baseline/cts/ecc-tools/des/work/icts-native/cts_detail.log,25,1,1,1.0,false,false
iwls2005__des,selected,1,,49.234,2,96.032,46.798,46.798,0.9505,,48.016,0.914,0.0002007,42.773372,0.009392358600000001,.trellis/tasks/06-14-cts-wirelength-unit-distortion/runs/wirelength_trace_cts/iwls2005__des/cts_baseline/cts/ecc-tools/des/work/icts-native/cts_detail.log,6,1,4,4.0,false,false
iwls2005__des,selected,2,,24.467,1,48.016,23.549,23.549,0.9625,,48.016,0.914,0.0002007,21.523786,0.0047262842999999995,.trellis/tasks/06-14-cts-wirelength-unit-distortion/runs/wirelength_trace_cts/iwls2005__des/cts_baseline/cts/ecc-tools/des/work/icts-native/cts_detail.log,1,1,16,16.0,true,true
iwls2005__des,source_trunk,-1,,240.08,5,240.07999999999998,-2.842170943040401e-14,2.842170943040401e-14,-1.183843278507331e-16,,48.016,0.914,0.0002007,-2.5977442419389264e-14,-5.704237082682084e-18,.trellis/tasks/06-14-cts-wirelength-unit-distortion/runs/wirelength_trace_cts/iwls2005__des/cts_baseline/cts/ecc-tools/des/work/icts-native/cts_detail.log,,,,,,
iwls2005__mem_ctrl,full,0,66478,66.478,2,82.0245,15.5465,15.5465,0.2339,false,41.0123,0.914,0.0002007,14.209501000000001,0.00312018255,.trellis/tasks/06-14-cts-wirelength-unit-distortion/runs/wirelength_trace_cts/iwls2005__mem_ctrl/cts_baseline/cts/ecc-tools/mc_top/work/icts-native/cts_detail.log,,,,,,
iwls2005__mem_ctrl,full,1,33441,33.441,1,41.0123,7.5712,7.5712,0.22640000000000002,false,41.0123,0.914,0.0002007,6.9200768,0.00151953984,.trellis/tasks/06-14-cts-wirelength-unit-distortion/runs/wirelength_trace_cts/iwls2005__mem_ctrl/cts_baseline/cts/ecc-tools/mc_top/work/icts-native/cts_detail.log,,,,,,
iwls2005__mem_ctrl,full,2,16133,16.133,1,41.0123,24.8793,24.8793,1.5421,true,41.0123,0.914,0.0002007,22.739680200000002,0.00499327551,.trellis/tasks/06-14-cts-wirelength-unit-distortion/runs/wirelength_trace_cts/iwls2005__mem_ctrl/cts_baseline/cts/ecc-tools/mc_top/work/icts-native/cts_detail.log,,,,,,
iwls2005__mem_ctrl,selected,0,,66.478,2,82.0245,15.5465,15.5465,0.2339,,41.0123,0.914,0.0002007,14.209501000000001,0.00312018255,.trellis/tasks/06-14-cts-wirelength-unit-distortion/runs/wirelength_trace_cts/iwls2005__mem_ctrl/cts_baseline/cts/ecc-tools/mc_top/work/icts-native/cts_detail.log,8,1,1,1.0,false,false
iwls2005__mem_ctrl,selected,1,,33.441,1,41.0123,7.5712,7.5712,0.22640000000000002,,41.0123,0.914,0.0002007,6.9200768,0.00151953984,.trellis/tasks/06-14-cts-wirelength-unit-distortion/runs/wirelength_trace_cts/iwls2005__mem_ctrl/cts_baseline/cts/ecc-tools/mc_top/work/icts-native/cts_detail.log,3,1,4,4.0,true,true
iwls2005__mem_ctrl,source_trunk,-1,,164.049,4,164.0492,0.0002000000000066393,0.0002000000000066393,1.2191479375469483e-06,,41.0123,0.914,0.0002007,0.00018280000000606833,4.014000000133251e-08,.trellis/tasks/06-14-cts-wirelength-unit-distortion/runs/wirelength_trace_cts/iwls2005__mem_ctrl/cts_baseline/cts/ecc-tools/mc_top/work/icts-native/cts_detail.log,,,,,,
iwls2005__pci,full,0,109066,109.066,5,130.241,21.175,21.175,0.1941,false,26.0482,0.914,0.0002007,19.35395,0.0042498225,.trellis/tasks/06-14-cts-wirelength-unit-distortion/runs/wirelength_trace_cts/iwls2005__pci/cts_baseline/cts/ecc-tools/pci_bridge32/work/icts-native/cts_detail.log,,,,,,
iwls2005__pci,full,1,48624,48.624,2,52.0964,3.4724,3.4724,0.07139999999999999,false,26.0482,0.914,0.0002007,3.1737736,0.00069691068,.trellis/tasks/06-14-cts-wirelength-unit-distortion/runs/wirelength_trace_cts/iwls2005__pci/cts_baseline/cts/ecc-tools/pci_bridge32/work/icts-native/cts_detail.log,,,,,,
iwls2005__pci,full,2,30123,30.123,2,52.0964,21.9734,21.9734,0.7295,false,26.0482,0.914,0.0002007,20.0836876,0.00441006138,.trellis/tasks/06-14-cts-wirelength-unit-distortion/runs/wirelength_trace_cts/iwls2005__pci/cts_baseline/cts/ecc-tools/pci_bridge32/work/icts-native/cts_detail.log,,,,,,
iwls2005__pci,full,3,17193,17.193,1,26.0482,8.8552,8.8552,0.515,true,26.0482,0.914,0.0002007,8.093652800000001,0.00177723864,.trellis/tasks/06-14-cts-wirelength-unit-distortion/runs/wirelength_trace_cts/iwls2005__pci/cts_baseline/cts/ecc-tools/pci_bridge32/work/icts-native/cts_detail.log,,,,,,
iwls2005__pci,selected,0,,109.066,5,130.241,21.175,21.175,0.1941,,26.0482,0.914,0.0002007,19.35395,0.0042498225,.trellis/tasks/06-14-cts-wirelength-unit-distortion/runs/wirelength_trace_cts/iwls2005__pci/cts_baseline/cts/ecc-tools/pci_bridge32/work/icts-native/cts_detail.log,27,1,1,1.0,false,false
iwls2005__pci,selected,1,,48.624,2,52.0964,3.4724,3.4724,0.07139999999999999,,26.0482,0.914,0.0002007,3.1737736,0.00069691068,.trellis/tasks/06-14-cts-wirelength-unit-distortion/runs/wirelength_trace_cts/iwls2005__pci/cts_baseline/cts/ecc-tools/pci_bridge32/work/icts-native/cts_detail.log,12,1,4,4.0,true,false
iwls2005__pci,selected,2,,30.123,2,52.0964,21.9734,21.9734,0.7295,,26.0482,0.914,0.0002007,20.0836876,0.00441006138,.trellis/tasks/06-14-cts-wirelength-unit-distortion/runs/wirelength_trace_cts/iwls2005__pci/cts_baseline/cts/ecc-tools/pci_bridge32/work/icts-native/cts_detail.log,12,1,16,16.0,true,true
iwls2005__pci,source_trunk,-1,,130.241,5,130.241,0.0,0.0,0.0,,26.0482,0.914,0.0002007,0.0,0.0,.trellis/tasks/06-14-cts-wirelength-unit-distortion/runs/wirelength_trace_cts/iwls2005__pci/cts_baseline/cts/ecc-tools/pci_bridge32/work/icts-native/cts_detail.log,,,,,,
iwls2005__sasc,full,0,21404,21.404,2,38.2387,16.8347,16.8347,0.7865000000000001,false,19.1193,0.914,0.0002007,15.386915800000002,0.00337872429,.trellis/tasks/06-14-cts-wirelength-unit-distortion/runs/wirelength_trace_cts/iwls2005__sasc/cts_baseline/cts/ecc-tools/sasc_top/work/icts-native/cts_detail.log,,,,,,
iwls2005__sasc,full,1,10683,10.683,1,19.1193,8.4363,8.4363,0.7897,true,19.1193,0.914,0.0002007,7.7107782,0.0016931654099999998,.trellis/tasks/06-14-cts-wirelength-unit-distortion/runs/wirelength_trace_cts/iwls2005__sasc/cts_baseline/cts/ecc-tools/sasc_top/work/icts-native/cts_detail.log,,,,,,
iwls2005__sasc,selected,0,,21.404,2,38.2387,16.8347,16.8347,0.7865000000000001,,19.1193,0.914,0.0002007,15.386915800000002,0.00337872429,.trellis/tasks/06-14-cts-wirelength-unit-distortion/runs/wirelength_trace_cts/iwls2005__sasc/cts_baseline/cts/ecc-tools/sasc_top/work/icts-native/cts_detail.log,9,1,1,1.0,false,false
iwls2005__sasc,selected,1,,10.683,1,19.1193,8.4363,8.4363,0.7897,,19.1193,0.914,0.0002007,7.7107782,0.0016931654099999998,.trellis/tasks/06-14-cts-wirelength-unit-distortion/runs/wirelength_trace_cts/iwls2005__sasc/cts_baseline/cts/ecc-tools/sasc_top/work/icts-native/cts_detail.log,3,1,4,4.0,true,true
iwls2005__sasc,source_trunk,-1,,57.358,3,57.3579,-9.999999999621423e-05,9.999999999621423e-05,-1.7434359635310547e-06,,19.1193,0.914,0.0002007,-9.139999999653981e-05,-2.0069999999240195e-08,.trellis/tasks/06-14-cts-wirelength-unit-distortion/runs/wirelength_trace_cts/iwls2005__sasc/cts_baseline/cts/ecc-tools/sasc_top/work/icts-native/cts_detail.log,,,,,,
iwls2005__simple_spi,full,0,22564,22.564,2,42.236,19.672,19.672,0.8718,false,21.118,0.914,0.0002007,17.980208,0.0039481704,.trellis/tasks/06-14-cts-wirelength-unit-distortion/runs/wirelength_trace_cts/iwls2005__simple_spi/cts_baseline/cts/ecc-tools/simple_spi_top/work/icts-native/cts_detail.log,,,,,,
iwls2005__simple_spi,full,1,10145,10.145,1,21.118,10.973,10.973,1.0816,true,21.118,0.914,0.0002007,10.029322,0.0022022811,.trellis/tasks/06-14-cts-wirelength-unit-distortion/runs/wirelength_trace_cts/iwls2005__simple_spi/cts_baseline/cts/ecc-tools/simple_spi_top/work/icts-native/cts_detail.log,,,,,,
iwls2005__simple_spi,selected,0,,22.564,2,42.236,19.672,19.672,0.8718,,21.118,0.914,0.0002007,17.980208,0.0039481704,.trellis/tasks/06-14-cts-wirelength-unit-distortion/runs/wirelength_trace_cts/iwls2005__simple_spi/cts_baseline/cts/ecc-tools/simple_spi_top/work/icts-native/cts_detail.log,12,1,1,1.0,true,true
iwls2005__simple_spi,source_trunk,-1,,63.354,3,63.354,0.0,0.0,0.0,,21.118,0.914,0.0002007,0.0,0.0,.trellis/tasks/06-14-cts-wirelength-unit-distortion/runs/wirelength_trace_cts/iwls2005__simple_spi/cts_baseline/cts/ecc-tools/simple_spi_top/work/icts-native/cts_detail.log,,,,,,
iwls2005__spi,full,0,39610,39.61,2,50.2073,10.5973,10.5973,0.2675,false,25.1037,0.914,0.0002007,9.685932200000002,0.00212687811,.trellis/tasks/06-14-cts-wirelength-unit-distortion/runs/wirelength_trace_cts/iwls2005__spi/cts_baseline/cts/ecc-tools/spi_top/work/icts-native/cts_detail.log,,,,,,
iwls2005__spi,full,1,17236,17.236,1,25.1037,7.8677,7.8677,0.45649999999999996,true,25.1037,0.914,0.0002007,7.1910778,0.00157904739,.trellis/tasks/06-14-cts-wirelength-unit-distortion/runs/wirelength_trace_cts/iwls2005__spi/cts_baseline/cts/ecc-tools/spi_top/work/icts-native/cts_detail.log,,,,,,
iwls2005__spi,selected,0,,39.61,2,50.2073,10.5973,10.5973,0.2675,,25.1037,0.914,0.0002007,9.685932200000002,0.00212687811,.trellis/tasks/06-14-cts-wirelength-unit-distortion/runs/wirelength_trace_cts/iwls2005__spi/cts_baseline/cts/ecc-tools/spi_top/work/icts-native/cts_detail.log,9,1,1,1.0,false,false
iwls2005__spi,selected,1,,17.236,1,25.1037,7.8677,7.8677,0.45649999999999996,,25.1037,0.914,0.0002007,7.1910778,0.00157904739,.trellis/tasks/06-14-cts-wirelength-unit-distortion/runs/wirelength_trace_cts/iwls2005__spi/cts_baseline/cts/ecc-tools/spi_top/work/icts-native/cts_detail.log,2,1,4,4.0,true,true
iwls2005__spi,source_trunk,-1,,75.311,3,75.3111,9.99999999891088e-05,9.99999999891088e-05,1.3278272760832918e-06,,25.1037,0.914,0.0002007,9.139999999004545e-05,2.0069999997814136e-08,.trellis/tasks/06-14-cts-wirelength-unit-distortion/runs/wirelength_trace_cts/iwls2005__spi/cts_baseline/cts/ecc-tools/spi_top/work/icts-native/cts_detail.log,,,,,,
iwls2005__ss_pcm,full,0,16957,16.957,2,31.356,14.399,14.399,0.8491,false,15.678,0.914,0.0002007,13.160686,0.0028898793,.trellis/tasks/06-14-cts-wirelength-unit-distortion/runs/wirelength_trace_cts/iwls2005__ss_pcm/cts_baseline/cts/ecc-tools/pcm_slv_top/work/icts-native/cts_detail.log,,,,,,
iwls2005__ss_pcm,full,1,8283,8.283,1,15.678,7.395,7.395,0.8928,true,15.678,0.914,0.0002007,6.75903,0.0014841765,.trellis/tasks/06-14-cts-wirelength-unit-distortion/runs/wirelength_trace_cts/iwls2005__ss_pcm/cts_baseline/cts/ecc-tools/pcm_slv_top/work/icts-native/cts_detail.log,,,,,,
iwls2005__ss_pcm,selected,0,,16.957,2,31.356,14.399,14.399,0.8491,,15.678,0.914,0.0002007,13.160686,0.0028898793,.trellis/tasks/06-14-cts-wirelength-unit-distortion/runs/wirelength_trace_cts/iwls2005__ss_pcm/cts_baseline/cts/ecc-tools/pcm_slv_top/work/icts-native/cts_detail.log,8,1,1,1.0,false,true
iwls2005__ss_pcm,source_trunk,-1,,47.034,3,47.034000000000006,7.105427357601002e-15,7.105427357601002e-15,1.5107002078498538e-16,,15.678,0.914,0.0002007,6.494360604847316e-15,1.426059270670521e-18,.trellis/tasks/06-14-cts-wirelength-unit-distortion/runs/wirelength_trace_cts/iwls2005__ss_pcm/cts_baseline/cts/ecc-tools/pcm_slv_top/work/icts-native/cts_detail.log,,,,,,
iwls2005__systemcaes,full,0,69775,69.775,2,83.198,13.423,13.423,0.1924,false,41.599,0.914,0.0002007,12.268622,0.0026939961,.trellis/tasks/06-14-cts-wirelength-unit-distortion/runs/wirelength_trace_cts/iwls2005__systemcaes/cts_baseline/cts/ecc-tools/aes/work/icts-native/cts_detail.log,,,,,,
iwls2005__systemcaes,full,1,31113,31.113,1,41.599,10.486,10.486,0.337,false,41.599,0.914,0.0002007,9.584204000000001,0.0021045402000000003,.trellis/tasks/06-14-cts-wirelength-unit-distortion/runs/wirelength_trace_cts/iwls2005__systemcaes/cts_baseline/cts/ecc-tools/aes/work/icts-native/cts_detail.log,,,,,,
iwls2005__systemcaes,full,2,15568,15.568,1,41.599,26.031,26.031,1.6721000000000001,true,41.599,0.914,0.0002007,23.792334,0.0052244217,.trellis/tasks/06-14-cts-wirelength-unit-distortion/runs/wirelength_trace_cts/iwls2005__systemcaes/cts_baseline/cts/ecc-tools/aes/work/icts-native/cts_detail.log,,,,,,
iwls2005__systemcaes,selected,0,,69.775,2,83.198,13.423,13.423,0.1924,,41.599,0.914,0.0002007,12.268622,0.0026939961,.trellis/tasks/06-14-cts-wirelength-unit-distortion/runs/wirelength_trace_cts/iwls2005__systemcaes/cts_baseline/cts/ecc-tools/aes/work/icts-native/cts_detail.log,8,1,1,1.0,false,false
iwls2005__systemcaes,selected,1,,31.113,1,41.599,10.486,10.486,0.337,,41.599,0.914,0.0002007,9.584204000000001,0.0021045402000000003,.trellis/tasks/06-14-cts-wirelength-unit-distortion/runs/wirelength_trace_cts/iwls2005__systemcaes/cts_baseline/cts/ecc-tools/aes/work/icts-native/cts_detail.log,3,1,4,4.0,true,true
iwls2005__systemcaes,source_trunk,-1,,166.396,4,166.396,0.0,0.0,0.0,,41.599,0.914,0.0002007,0.0,0.0,.trellis/tasks/06-14-cts-wirelength-unit-distortion/runs/wirelength_trace_cts/iwls2005__systemcaes/cts_baseline/cts/ecc-tools/aes/work/icts-native/cts_detail.log,,,,,,
iwls2005__systemcdes,full,0,30631,30.631,2,60.2173,29.5863,29.5863,0.9659,false,30.1087,0.914,0.0002007,27.041878200000003,0.00593797041,.trellis/tasks/06-14-cts-wirelength-unit-distortion/runs/wirelength_trace_cts/iwls2005__systemcdes/cts_baseline/cts/ecc-tools/des/work/icts-native/cts_detail.log,,,,,,
iwls2005__systemcdes,full,1,15767,15.767,1,30.1087,14.3417,14.3417,0.9096,true,30.1087,0.914,0.0002007,13.1083138,0.00287837919,.trellis/tasks/06-14-cts-wirelength-unit-distortion/runs/wirelength_trace_cts/iwls2005__systemcdes/cts_baseline/cts/ecc-tools/des/work/icts-native/cts_detail.log,,,,,,
iwls2005__systemcdes,selected,0,,30.631,2,60.2173,29.5863,29.5863,0.9659,,30.1087,0.914,0.0002007,27.041878200000003,0.00593797041,.trellis/tasks/06-14-cts-wirelength-unit-distortion/runs/wirelength_trace_cts/iwls2005__systemcdes/cts_baseline/cts/ecc-tools/des/work/icts-native/cts_detail.log,8,1,1,1.0,false,true
iwls2005__systemcdes,source_trunk,-1,,90.326,3,90.3261,0.00010000000000331966,0.00010000000000331966,1.1071009455009595e-06,,30.1087,0.914,0.0002007,9.140000000303417e-05,2.0070000000666255e-08,.trellis/tasks/06-14-cts-wirelength-unit-distortion/runs/wirelength_trace_cts/iwls2005__systemcdes/cts_baseline/cts/ecc-tools/des/work/icts-native/cts_detail.log,,,,,,
iwls2005__tv80,full,0,50618,50.618,2,51.2275,0.6095,0.6095,0.012,false,25.6137,0.914,0.0002007,0.5570830000000001,0.00012232665,.trellis/tasks/06-14-cts-wirelength-unit-distortion/runs/wirelength_trace_cts/iwls2005__tv80/cts_baseline/cts/ecc-tools/tv80s/work/icts-native/cts_detail.log,,,,,,
iwls2005__tv80,full,1,26840,26.84,2,51.2275,24.3875,24.3875,0.9086,false,25.6137,0.914,0.0002007,22.290175,0.00489457125,.trellis/tasks/06-14-cts-wirelength-unit-distortion/runs/wirelength_trace_cts/iwls2005__tv80/cts_baseline/cts/ecc-tools/tv80s/work/icts-native/cts_detail.log,,,,,,
iwls2005__tv80,full,2,11859,11.859,1,25.6137,13.7547,13.7547,1.1599,true,25.6137,0.914,0.0002007,12.5717958,0.00276056829,.trellis/tasks/06-14-cts-wirelength-unit-distortion/runs/wirelength_trace_cts/iwls2005__tv80/cts_baseline/cts/ecc-tools/tv80s/work/icts-native/cts_detail.log,,,,,,
iwls2005__tv80,selected,0,,50.618,2,51.2275,0.6095,0.6095,0.012,,25.6137,0.914,0.0002007,0.5570830000000001,0.00012232665,.trellis/tasks/06-14-cts-wirelength-unit-distortion/runs/wirelength_trace_cts/iwls2005__tv80/cts_baseline/cts/ecc-tools/tv80s/work/icts-native/cts_detail.log,9,1,1,1.0,false,false
iwls2005__tv80,selected,1,,26.84,2,51.2275,24.3875,24.3875,0.9086,,25.6137,0.914,0.0002007,22.290175,0.00489457125,.trellis/tasks/06-14-cts-wirelength-unit-distortion/runs/wirelength_trace_cts/iwls2005__tv80/cts_baseline/cts/ecc-tools/tv80s/work/icts-native/cts_detail.log,12,1,4,4.0,true,false
iwls2005__tv80,selected,2,,11.859,1,25.6137,13.7547,13.7547,1.1599,,25.6137,0.914,0.0002007,12.5717958,0.00276056829,.trellis/tasks/06-14-cts-wirelength-unit-distortion/runs/wirelength_trace_cts/iwls2005__tv80/cts_baseline/cts/ecc-tools/tv80s/work/icts-native/cts_detail.log,3,1,16,16.0,true,true
iwls2005__tv80,source_trunk,-1,,102.455,4,102.4548,-0.00019999999999242846,0.00019999999999242846,-1.9520765213257377e-06,,25.6137,0.914,0.0002007,-0.00018279999999307962,-4.013999999848039e-08,.trellis/tasks/06-14-cts-wirelength-unit-distortion/runs/wirelength_trace_cts/iwls2005__tv80/cts_baseline/cts/ecc-tools/tv80s/work/icts-native/cts_detail.log,,,,,,
iwls2005__usb_funct,full,0,91121,91.121,2,95.6667,4.5457,4.5457,0.0499,false,47.8333,0.914,0.0002007,4.1547698,0.0009123219900000001,.trellis/tasks/06-14-cts-wirelength-unit-distortion/runs/wirelength_trace_cts/iwls2005__usb_funct/cts_baseline/cts/ecc-tools/usbf_top/work/icts-native/cts_detail.log,,,,,,
iwls2005__usb_funct,full,1,40051,40.051,1,47.8333,7.7823,7.7823,0.1943,true,47.8333,0.914,0.0002007,7.1130222000000005,0.0015619076100000001,.trellis/tasks/06-14-cts-wirelength-unit-distortion/runs/wirelength_trace_cts/iwls2005__usb_funct/cts_baseline/cts/ecc-tools/usbf_top/work/icts-native/cts_detail.log,,,,,,
iwls2005__usb_funct,selected,0,,91.121,2,95.6667,4.5457,4.5457,0.0499,,47.8333,0.914,0.0002007,4.1547698,0.0009123219900000001,.trellis/tasks/06-14-cts-wirelength-unit-distortion/runs/wirelength_trace_cts/iwls2005__usb_funct/cts_baseline/cts/ecc-tools/usbf_top/work/icts-native/cts_detail.log,11,1,1,1.0,true,true
iwls2005__usb_funct,source_trunk,-1,,143.5,3,143.4999,-0.00010000000000331966,0.00010000000000331966,-6.968641115213913e-07,,47.8333,0.914,0.0002007,-9.140000000303417e-05,-2.0070000000666255e-08,.trellis/tasks/06-14-cts-wirelength-unit-distortion/runs/wirelength_trace_cts/iwls2005__usb_funct/cts_baseline/cts/ecc-tools/usbf_top/work/icts-native/cts_detail.log,,,,,,
iwls2005__usb_phy,full,0,19688,19.688,2,32.8633,13.1753,13.1753,0.6692,false,16.4317,0.914,0.0002007,12.0422242,0.00264428271,.trellis/tasks/06-14-cts-wirelength-unit-distortion/runs/wirelength_trace_cts/iwls2005__usb_phy/cts_baseline/cts/ecc-tools/usb_phy/work/icts-native/cts_detail.log,,,,,,
iwls2005__usb_phy,full,1,8948,8.948,1,16.4317,7.4837,7.4837,0.8364,true,16.4317,0.914,0.0002007,6.8401018,0.00150197859,.trellis/tasks/06-14-cts-wirelength-unit-distortion/runs/wirelength_trace_cts/iwls2005__usb_phy/cts_baseline/cts/ecc-tools/usb_phy/work/icts-native/cts_detail.log,,,,,,
iwls2005__usb_phy,selected,0,,19.688,2,32.8633,13.1753,13.1753,0.6692,,16.4317,0.914,0.0002007,12.0422242,0.00264428271,.trellis/tasks/06-14-cts-wirelength-unit-distortion/runs/wirelength_trace_cts/iwls2005__usb_phy/cts_baseline/cts/ecc-tools/usb_phy/work/icts-native/cts_detail.log,8,1,1,1.0,false,true
iwls2005__usb_phy,source_trunk,-1,,49.295,3,49.2951,9.999999999621423e-05,9.999999999621423e-05,2.0286033065465915e-06,,16.4317,0.914,0.0002007,9.139999999653981e-05,2.0069999999240195e-08,.trellis/tasks/06-14-cts-wirelength-unit-distortion/runs/wirelength_trace_cts/iwls2005__usb_phy/cts_baseline/cts/ecc-tools/usb_phy/work/icts-native/cts_detail.log,,,,,,
iwls2005__vga_lcd,full,0,221840,221.84,4,289.5657,67.7257,67.7257,0.3053,false,72.3914,0.914,0.0002007,61.90128980000001,0.01359254799,.trellis/tasks/06-14-cts-wirelength-unit-distortion/runs/wirelength_trace_cts/iwls2005__vga_lcd/cts_baseline/cts/ecc-tools/vga_enh_top/work/icts-native/cts_detail.log,,,,,,
iwls2005__vga_lcd,full,1,121807,121.807,2,144.7829,22.9759,22.9759,0.1886,false,72.3914,0.914,0.0002007,20.9999726,0.0046112631299999995,.trellis/tasks/06-14-cts-wirelength-unit-distortion/runs/wirelength_trace_cts/iwls2005__vga_lcd/cts_baseline/cts/ecc-tools/vga_enh_top/work/icts-native/cts_detail.log,,,,,,
iwls2005__vga_lcd,full,2,68392,68.392,1,72.3914,3.9994,3.9994,0.058499999999999996,false,72.3914,0.914,0.0002007,3.6554516,0.00080267958,.trellis/tasks/06-14-cts-wirelength-unit-distortion/runs/wirelength_trace_cts/iwls2005__vga_lcd/cts_baseline/cts/ecc-tools/vga_enh_top/work/icts-native/cts_detail.log,,,,,,
iwls2005__vga_lcd,full,3,35611,35.611,1,72.3914,36.7804,36.7804,1.0328,false,72.3914,0.914,0.0002007,33.6172856,0.00738182628,.trellis/tasks/06-14-cts-wirelength-unit-distortion/runs/wirelength_trace_cts/iwls2005__vga_lcd/cts_baseline/cts/ecc-tools/vga_enh_top/work/icts-native/cts_detail.log,,,,,,
iwls2005__vga_lcd,full,4,19134,19.134,1,72.3914,53.2574,53.2574,2.7834,false,72.3914,0.914,0.0002007,48.677263599999996,0.01068876018,.trellis/tasks/06-14-cts-wirelength-unit-distortion/runs/wirelength_trace_cts/iwls2005__vga_lcd/cts_baseline/cts/ecc-tools/vga_enh_top/work/icts-native/cts_detail.log,,,,,,
iwls2005__vga_lcd,full,5,10783,10.783,1,72.3914,61.6084,61.6084,5.7135,true,72.3914,0.914,0.0002007,56.31007760000001,0.012364805880000001,.trellis/tasks/06-14-cts-wirelength-unit-distortion/runs/wirelength_trace_cts/iwls2005__vga_lcd/cts_baseline/cts/ecc-tools/vga_enh_top/work/icts-native/cts_detail.log,,,,,,
iwls2005__vga_lcd,selected,0,,221.84,4,289.5657,67.7257,67.7257,0.3053,,72.3914,0.914,0.0002007,61.90128980000001,0.01359254799,.trellis/tasks/06-14-cts-wirelength-unit-distortion/runs/wirelength_trace_cts/iwls2005__vga_lcd/cts_baseline/cts/ecc-tools/vga_enh_top/work/icts-native/cts_detail.log,27,1,1,1.0,false,false
iwls2005__vga_lcd,selected,1,,121.807,2,144.7829,22.9759,22.9759,0.1886,,72.3914,0.914,0.0002007,20.9999726,0.0046112631299999995,.trellis/tasks/06-14-cts-wirelength-unit-distortion/runs/wirelength_trace_cts/iwls2005__vga_lcd/cts_baseline/cts/ecc-tools/vga_enh_top/work/icts-native/cts_detail.log,8,1,4,4.0,false,false
iwls2005__vga_lcd,selected,2,,68.392,1,72.3914,3.9994,3.9994,0.058499999999999996,,72.3914,0.914,0.0002007,3.6554516,0.00080267958,.trellis/tasks/06-14-cts-wirelength-unit-distortion/runs/wirelength_trace_cts/iwls2005__vga_lcd/cts_baseline/cts/ecc-tools/vga_enh_top/work/icts-native/cts_detail.log,2,1,16,16.0,true,false
iwls2005__vga_lcd,selected,3,,35.611,1,72.3914,36.7804,36.7804,1.0328,,72.3914,0.914,0.0002007,33.6172856,0.00738182628,.trellis/tasks/06-14-cts-wirelength-unit-distortion/runs/wirelength_trace_cts/iwls2005__vga_lcd/cts_baseline/cts/ecc-tools/vga_enh_top/work/icts-native/cts_detail.log,2,1,64,64.0,true,true
iwls2005__vga_lcd,source_trunk,-1,,506.74,7,506.73980000000006,-0.0001999999999497959,0.0001999999999497959,-3.946797173102496e-07,,72.3914,0.914,0.0002007,-0.00018279999995411345,-4.0139999989924034e-08,.trellis/tasks/06-14-cts-wirelength-unit-distortion/runs/wirelength_trace_cts/iwls2005__vga_lcd/cts_baseline/cts/ecc-tools/vga_enh_top/work/icts-native/cts_detail.log,,,,,,
iwls2005__wb_conmax,full,0,103918,103.918,2,128.096,24.178,24.178,0.2327,false,64.048,0.914,0.0002007,22.098692000000003,0.0048525246,.trellis/tasks/06-14-cts-wirelength-unit-distortion/runs/wirelength_trace_cts/iwls2005__wb_conmax/cts_baseline/cts/ecc-tools/wb_conmax_top/work/icts-native/cts_detail.log,,,,,,
iwls2005__wb_conmax,full,1,45876,45.876,1,64.048,18.172,18.172,0.3961,false,64.048,0.914,0.0002007,16.609208000000002,0.0036471204,.trellis/tasks/06-14-cts-wirelength-unit-distortion/runs/wirelength_trace_cts/iwls2005__wb_conmax/cts_baseline/cts/ecc-tools/wb_conmax_top/work/icts-native/cts_detail.log,,,,,,
iwls2005__wb_conmax,full,2,20527,20.527,1,64.048,43.521,43.521,2.1202,true,64.048,0.914,0.0002007,39.778194,0.0087346647,.trellis/tasks/06-14-cts-wirelength-unit-distortion/runs/wirelength_trace_cts/iwls2005__wb_conmax/cts_baseline/cts/ecc-tools/wb_conmax_top/work/icts-native/cts_detail.log,,,,,,
iwls2005__wb_conmax,selected,0,,103.918,2,128.096,24.178,24.178,0.2327,,64.048,0.914,0.0002007,22.098692000000003,0.0048525246,.trellis/tasks/06-14-cts-wirelength-unit-distortion/runs/wirelength_trace_cts/iwls2005__wb_conmax/cts_baseline/cts/ecc-tools/wb_conmax_top/work/icts-native/cts_detail.log,9,1,1,1.0,false,false
iwls2005__wb_conmax,selected,1,,45.876,1,64.048,18.172,18.172,0.3961,,64.048,0.914,0.0002007,16.609208000000002,0.0036471204,.trellis/tasks/06-14-cts-wirelength-unit-distortion/runs/wirelength_trace_cts/iwls2005__wb_conmax/cts_baseline/cts/ecc-tools/wb_conmax_top/work/icts-native/cts_detail.log,1,1,4,4.0,true,true
iwls2005__wb_conmax,source_trunk,-1,,256.192,4,256.192,0.0,0.0,0.0,,64.048,0.914,0.0002007,0.0,0.0,.trellis/tasks/06-14-cts-wirelength-unit-distortion/runs/wirelength_trace_cts/iwls2005__wb_conmax/cts_baseline/cts/ecc-tools/wb_conmax_top/work/icts-native/cts_detail.log,,,,,,
iwls2005__wb_dma,full,0,49046,49.046,2,59.3765,10.3305,10.3305,0.21059999999999998,false,29.6883,0.914,0.0002007,9.442077000000001,0.00207333135,.trellis/tasks/06-14-cts-wirelength-unit-distortion/runs/wirelength_trace_cts/iwls2005__wb_dma/cts_baseline/cts/ecc-tools/wb_dma_top/work/icts-native/cts_detail.log,,,,,,
iwls2005__wb_dma,full,1,23302,23.302,1,29.6883,6.3863,6.3863,0.2741,false,29.6883,0.914,0.0002007,5.8370782000000005,0.0012817304100000001,.trellis/tasks/06-14-cts-wirelength-unit-distortion/runs/wirelength_trace_cts/iwls2005__wb_dma/cts_baseline/cts/ecc-tools/wb_dma_top/work/icts-native/cts_detail.log,,,,,,
iwls2005__wb_dma,full,2,11424,11.424,1,29.6883,18.2643,18.2643,1.5988,true,29.6883,0.914,0.0002007,16.6935702,0.00366564501,.trellis/tasks/06-14-cts-wirelength-unit-distortion/runs/wirelength_trace_cts/iwls2005__wb_dma/cts_baseline/cts/ecc-tools/wb_dma_top/work/icts-native/cts_detail.log,,,,,,
iwls2005__wb_dma,selected,0,,49.046,2,59.3765,10.3305,10.3305,0.21059999999999998,,29.6883,0.914,0.0002007,9.442077000000001,0.00207333135,.trellis/tasks/06-14-cts-wirelength-unit-distortion/runs/wirelength_trace_cts/iwls2005__wb_dma/cts_baseline/cts/ecc-tools/wb_dma_top/work/icts-native/cts_detail.log,9,1,1,1.0,false,false
iwls2005__wb_dma,selected,1,,23.302,1,29.6883,6.3863,6.3863,0.2741,,29.6883,0.914,0.0002007,5.8370782000000005,0.0012817304100000001,.trellis/tasks/06-14-cts-wirelength-unit-distortion/runs/wirelength_trace_cts/iwls2005__wb_dma/cts_baseline/cts/ecc-tools/wb_dma_top/work/icts-native/cts_detail.log,2,1,4,4.0,true,true
iwls2005__wb_dma,source_trunk,-1,,118.753,4,118.7532,0.0002000000000066393,0.0002000000000066393,1.6841679789701255e-06,,29.6883,0.914,0.0002007,0.00018280000000606833,4.014000000133251e-08,.trellis/tasks/06-14-cts-wirelength-unit-distortion/runs/wirelength_trace_cts/iwls2005__wb_dma/cts_baseline/cts/ecc-tools/wb_dma_top/work/icts-native/cts_detail.log,,,,,,
openroad__dynamic_node,full,0,107622,107.622,3,144.4332,36.8112,36.8112,0.342,false,48.1444,0.914,0.0002007,33.6454368,0.0073880078399999995,.trellis/tasks/06-14-cts-wirelength-unit-distortion/runs/wirelength_trace_cts/openroad__dynamic_node/cts_baseline/cts/ecc-tools/dynamic_node_top/work/icts-native/cts_detail.log,,,,,,
openroad__dynamic_node,full,1,47214,47.214,1,48.1444,0.9304,0.9304,0.0197,false,48.1444,0.914,0.0002007,0.8503856000000001,0.00018673128,.trellis/tasks/06-14-cts-wirelength-unit-distortion/runs/wirelength_trace_cts/openroad__dynamic_node/cts_baseline/cts/ecc-tools/dynamic_node_top/work/icts-native/cts_detail.log,,,,,,
openroad__dynamic_node,full,2,24505,24.505,1,48.1444,23.6394,23.6394,0.9647,false,48.1444,0.914,0.0002007,21.606411599999998,0.004744427579999999,.trellis/tasks/06-14-cts-wirelength-unit-distortion/runs/wirelength_trace_cts/openroad__dynamic_node/cts_baseline/cts/ecc-tools/dynamic_node_top/work/icts-native/cts_detail.log,,,,,,
openroad__dynamic_node,full,3,12903,12.903,1,48.1444,35.2414,35.2414,2.7313,true,48.1444,0.914,0.0002007,32.2106396,0.0070729489799999995,.trellis/tasks/06-14-cts-wirelength-unit-distortion/runs/wirelength_trace_cts/openroad__dynamic_node/cts_baseline/cts/ecc-tools/dynamic_node_top/work/icts-native/cts_detail.log,,,,,,
openroad__dynamic_node,selected,0,,107.622,3,144.4332,36.8112,36.8112,0.342,,48.1444,0.914,0.0002007,33.6454368,0.0073880078399999995,.trellis/tasks/06-14-cts-wirelength-unit-distortion/runs/wirelength_trace_cts/openroad__dynamic_node/cts_baseline/cts/ecc-tools/dynamic_node_top/work/icts-native/cts_detail.log,9,1,1,1.0,false,false
openroad__dynamic_node,selected,1,,47.214,1,48.1444,0.9304,0.9304,0.0197,,48.1444,0.914,0.0002007,0.8503856000000001,0.00018673128,.trellis/tasks/06-14-cts-wirelength-unit-distortion/runs/wirelength_trace_cts/openroad__dynamic_node/cts_baseline/cts/ecc-tools/dynamic_node_top/work/icts-native/cts_detail.log,4,1,4,4.0,true,false
openroad__dynamic_node,selected,2,,24.505,1,48.1444,23.6394,23.6394,0.9647,,48.1444,0.914,0.0002007,21.606411599999998,0.004744427579999999,.trellis/tasks/06-14-cts-wirelength-unit-distortion/runs/wirelength_trace_cts/openroad__dynamic_node/cts_baseline/cts/ecc-tools/dynamic_node_top/work/icts-native/cts_detail.log,4,1,16,16.0,true,false
openroad__dynamic_node,selected,3,,12.903,1,48.1444,35.2414,35.2414,2.7313,,48.1444,0.914,0.0002007,32.2106396,0.0070729489799999995,.trellis/tasks/06-14-cts-wirelength-unit-distortion/runs/wirelength_trace_cts/openroad__dynamic_node/cts_baseline/cts/ecc-tools/dynamic_node_top/work/icts-native/cts_detail.log,0,0,0,nan,false,true
openroad__dynamic_node,source_trunk,-1,,240.722,5,240.72199999999998,-2.842170943040401e-14,2.842170943040401e-14,-1.1806859958958468e-16,,48.1444,0.914,0.0002007,-2.5977442419389264e-14,-5.704237082682084e-18,.trellis/tasks/06-14-cts-wirelength-unit-distortion/runs/wirelength_trace_cts/openroad__dynamic_node/cts_baseline/cts/ecc-tools/dynamic_node_top/work/icts-native/cts_detail.log,,,,,,
openroad__ethmac,full,0,208034,208.034,5,243.69,35.656,35.656,0.1714,false,48.738,0.914,0.0002007,32.589584,0.0071561592,.trellis/tasks/06-14-cts-wirelength-unit-distortion/runs/wirelength_trace_cts/openroad__ethmac/cts_baseline/cts/ecc-tools/ethmac/work/icts-native/cts_detail.log,,,,,,
openroad__ethmac,full,1,103752,103.752,3,146.214,42.462,42.462,0.4093,false,48.738,0.914,0.0002007,38.81026800000001,0.008522123400000001,.trellis/tasks/06-14-cts-wirelength-unit-distortion/runs/wirelength_trace_cts/openroad__ethmac/cts_baseline/cts/ecc-tools/ethmac/work/icts-native/cts_detail.log,,,,,,
openroad__ethmac,full,2,52399,52.399,2,97.476,45.077,45.077,0.8603000000000001,false,48.738,0.914,0.0002007,41.200378,0.0090469539,.trellis/tasks/06-14-cts-wirelength-unit-distortion/runs/wirelength_trace_cts/openroad__ethmac/cts_baseline/cts/ecc-tools/ethmac/work/icts-native/cts_detail.log,,,,,,
openroad__ethmac,full,3,26167,26.167,1,48.738,22.571,22.571,0.8626,false,48.738,0.914,0.0002007,20.629894000000004,0.0045299997000000005,.trellis/tasks/06-14-cts-wirelength-unit-distortion/runs/wirelength_trace_cts/openroad__ethmac/cts_baseline/cts/ecc-tools/ethmac/work/icts-native/cts_detail.log,,,,,,
openroad__ethmac,full,4,13030,13.03,1,48.738,35.708,35.708,2.7404,true,48.738,0.914,0.0002007,32.637112,0.0071665956,.trellis/tasks/06-14-cts-wirelength-unit-distortion/runs/wirelength_trace_cts/openroad__ethmac/cts_baseline/cts/ecc-tools/ethmac/work/icts-native/cts_detail.log,,,,,,
openroad__ethmac,selected,0,,208.034,5,243.69,35.656,35.656,0.1714,,48.738,0.914,0.0002007,32.589584,0.0071561592,.trellis/tasks/06-14-cts-wirelength-unit-distortion/runs/wirelength_trace_cts/openroad__ethmac/cts_baseline/cts/ecc-tools/ethmac/work/icts-native/cts_detail.log,91,1,1,1.0,false,false
openroad__ethmac,selected,1,,103.752,3,146.214,42.462,42.462,0.4093,,48.738,0.914,0.0002007,38.81026800000001,0.008522123400000001,.trellis/tasks/06-14-cts-wirelength-unit-distortion/runs/wirelength_trace_cts/openroad__ethmac/cts_baseline/cts/ecc-tools/ethmac/work/icts-native/cts_detail.log,28,1,4,4.0,false,false
openroad__ethmac,selected,2,,52.399,2,97.476,45.077,45.077,0.8603000000000001,,48.738,0.914,0.0002007,41.200378,0.0090469539,.trellis/tasks/06-14-cts-wirelength-unit-distortion/runs/wirelength_trace_cts/openroad__ethmac/cts_baseline/cts/ecc-tools/ethmac/work/icts-native/cts_detail.log,13,1,16,16.0,true,true
openroad__ethmac,source_trunk,-1,,292.428,6,292.428,0.0,0.0,0.0,,48.738,0.914,0.0002007,0.0,0.0,.trellis/tasks/06-14-cts-wirelength-unit-distortion/runs/wirelength_trace_cts/openroad__ethmac/cts_baseline/cts/ecc-tools/ethmac/work/icts-native/cts_detail.log,,,,,,
openroad__fifo,full,0,57095,57.095,4,65.6456,8.5506,8.5506,0.14980000000000002,false,16.4114,0.914,0.0002007,7.8152484,0.00171610542,.trellis/tasks/06-14-cts-wirelength-unit-distortion/runs/wirelength_trace_cts/openroad__fifo/cts_baseline/cts/ecc-tools/fifo/work/icts-native/cts_detail.log,,,,,,
openroad__fifo,full,1,28744,28.744,2,32.8228,4.0788,4.0788,0.1419,false,16.4114,0.914,0.0002007,3.7280232000000004,0.0008186151600000001,.trellis/tasks/06-14-cts-wirelength-unit-distortion/runs/wirelength_trace_cts/openroad__fifo/cts_baseline/cts/ecc-tools/fifo/work/icts-native/cts_detail.log,,,,,,
openroad__fifo,full,2,14859,14.859,1,16.4114,1.5524,1.5524,0.1045,false,16.4114,0.914,0.0002007,1.4188936,0.00031156668,.trellis/tasks/06-14-cts-wirelength-unit-distortion/runs/wirelength_trace_cts/openroad__fifo/cts_baseline/cts/ecc-tools/fifo/work/icts-native/cts_detail.log,,,,,,
openroad__fifo,full,3,8672,8.672,1,16.4114,7.7394,7.7394,0.8925,true,16.4114,0.914,0.0002007,7.0738116,0.00155329758,.trellis/tasks/06-14-cts-wirelength-unit-distortion/runs/wirelength_trace_cts/openroad__fifo/cts_baseline/cts/ecc-tools/fifo/work/icts-native/cts_detail.log,,,,,,
openroad__fifo,selected,0,,57.095,4,65.6456,8.5506,8.5506,0.14980000000000002,,16.4114,0.914,0.0002007,7.8152484,0.00171610542,.trellis/tasks/06-14-cts-wirelength-unit-distortion/runs/wirelength_trace_cts/openroad__fifo/cts_baseline/cts/ecc-tools/fifo/work/icts-native/cts_detail.log,28,1,1,1.0,false,false
openroad__fifo,selected,1,,28.744,2,32.8228,4.0788,4.0788,0.1419,,16.4114,0.914,0.0002007,3.7280232000000004,0.0008186151600000001,.trellis/tasks/06-14-cts-wirelength-unit-distortion/runs/wirelength_trace_cts/openroad__fifo/cts_baseline/cts/ecc-tools/fifo/work/icts-native/cts_detail.log,13,1,4,4.0,true,false
openroad__fifo,selected,2,,14.859,1,16.4114,1.5524,1.5524,0.1045,,16.4114,0.914,0.0002007,1.4188936,0.00031156668,.trellis/tasks/06-14-cts-wirelength-unit-distortion/runs/wirelength_trace_cts/openroad__fifo/cts_baseline/cts/ecc-tools/fifo/work/icts-native/cts_detail.log,4,1,16,16.0,true,true
openroad__fifo,source_trunk,-1,,82.057,5,82.057,0.0,0.0,0.0,,16.4114,0.914,0.0002007,0.0,0.0,.trellis/tasks/06-14-cts-wirelength-unit-distortion/runs/wirelength_trace_cts/openroad__fifo/cts_baseline/cts/ecc-tools/fifo/work/icts-native/cts_detail.log,,,,,,
openroad__gcd,full,0,15335,15.335,1,19.884,4.549,4.549,0.2966,true,19.884,0.914,0.0002007,4.157786000000001,0.0009129843,.trellis/tasks/06-14-cts-wirelength-unit-distortion/runs/wirelength_trace_cts/openroad__gcd/cts_baseline/cts/ecc-tools/gcd/work/icts-native/cts_detail.log,,,,,,
openroad__gcd,selected,0,,15.335,1,19.884,4.549,4.549,0.2966,,19.884,0.914,0.0002007,4.157786000000001,0.0009129843,.trellis/tasks/06-14-cts-wirelength-unit-distortion/runs/wirelength_trace_cts/openroad__gcd/cts_baseline/cts/ecc-tools/gcd/work/icts-native/cts_detail.log,0,0,0,nan,false,true
openroad__gcd,source_trunk,-1,,39.768,2,39.768,0.0,0.0,0.0,,19.884,0.914,0.0002007,0.0,0.0,.trellis/tasks/06-14-cts-wirelength-unit-distortion/runs/wirelength_trace_cts/openroad__gcd/cts_baseline/cts/ecc-tools/gcd/work/icts-native/cts_detail.log,,,,,,
openroad__jpeg,full,0,176662,176.662,3,193.5485,16.8865,16.8865,0.0956,false,64.5162,0.914,0.0002007,15.434261000000003,0.00338912055,.trellis/tasks/06-14-cts-wirelength-unit-distortion/runs/wirelength_trace_cts/openroad__jpeg/cts_baseline/cts/ecc-tools/jpeg_encoder/work/icts-native/cts_detail.log,,,,,,
openroad__jpeg,full,1,87347,87.347,2,129.0323,41.6853,41.6853,0.4772,false,64.5162,0.914,0.0002007,38.1003642,0.008366239709999999,.trellis/tasks/06-14-cts-wirelength-unit-distortion/runs/wirelength_trace_cts/openroad__jpeg/cts_baseline/cts/ecc-tools/jpeg_encoder/work/icts-native/cts_detail.log,,,,,,
openroad__jpeg,full,2,42323,42.323,1,64.5162,22.1932,22.1932,0.5244,false,64.5162,0.914,0.0002007,20.2845848,0.00445417524,.trellis/tasks/06-14-cts-wirelength-unit-distortion/runs/wirelength_trace_cts/openroad__jpeg/cts_baseline/cts/ecc-tools/jpeg_encoder/work/icts-native/cts_detail.log,,,,,,
openroad__jpeg,full,3,21991,21.991,1,64.5162,42.5252,42.5252,1.9338,false,64.5162,0.914,0.0002007,38.8680328,0.00853480764,.trellis/tasks/06-14-cts-wirelength-unit-distortion/runs/wirelength_trace_cts/openroad__jpeg/cts_baseline/cts/ecc-tools/jpeg_encoder/work/icts-native/cts_detail.log,,,,,,
openroad__jpeg,full,4,12173,12.173,1,64.5162,52.3432,52.3432,4.2999,true,64.5162,0.914,0.0002007,47.8416848,0.010505280240000001,.trellis/tasks/06-14-cts-wirelength-unit-distortion/runs/wirelength_trace_cts/openroad__jpeg/cts_baseline/cts/ecc-tools/jpeg_encoder/work/icts-native/cts_detail.log,,,,,,
openroad__jpeg,selected,0,,176.662,3,193.5485,16.8865,16.8865,0.0956,,64.5162,0.914,0.0002007,15.434261000000003,0.00338912055,.trellis/tasks/06-14-cts-wirelength-unit-distortion/runs/wirelength_trace_cts/openroad__jpeg/cts_baseline/cts/ecc-tools/jpeg_encoder/work/icts-native/cts_detail.log,28,1,1,1.0,false,false
openroad__jpeg,selected,1,,87.347,2,129.0323,41.6853,41.6853,0.4772,,64.5162,0.914,0.0002007,38.1003642,0.008366239709999999,.trellis/tasks/06-14-cts-wirelength-unit-distortion/runs/wirelength_trace_cts/openroad__jpeg/cts_baseline/cts/ecc-tools/jpeg_encoder/work/icts-native/cts_detail.log,9,1,4,4.0,false,false
openroad__jpeg,selected,2,,42.323,1,64.5162,22.1932,22.1932,0.5244,,64.5162,0.914,0.0002007,20.2845848,0.00445417524,.trellis/tasks/06-14-cts-wirelength-unit-distortion/runs/wirelength_trace_cts/openroad__jpeg/cts_baseline/cts/ecc-tools/jpeg_encoder/work/icts-native/cts_detail.log,4,1,16,16.0,true,true
openroad__jpeg,source_trunk,-1,,387.097,6,387.0972,0.0002000000000066393,0.0002000000000066393,5.166663652951051e-07,,64.5162,0.914,0.0002007,0.00018280000000606833,4.014000000133251e-08,.trellis/tasks/06-14-cts-wirelength-unit-distortion/runs/wirelength_trace_cts/openroad__jpeg/cts_baseline/cts/ecc-tools/jpeg_encoder/work/icts-native/cts_detail.log,,,,,,
openroad__spi,full,0,8318,8.318,1,15.123,6.805,6.805,0.8181,true,15.123,0.914,0.0002007,6.21977,0.0013657635,.trellis/tasks/06-14-cts-wirelength-unit-distortion/runs/wirelength_trace_cts/openroad__spi/cts_baseline/cts/ecc-tools/spi/work/icts-native/cts_detail.log,,,,,,
openroad__spi,selected,0,,8.318,1,15.123,6.805,6.805,0.8181,,15.123,0.914,0.0002007,6.21977,0.0013657635,.trellis/tasks/06-14-cts-wirelength-unit-distortion/runs/wirelength_trace_cts/openroad__spi/cts_baseline/cts/ecc-tools/spi/work/icts-native/cts_detail.log,0,0,0,nan,false,true
openroad__spi,source_trunk,-1,,30.246,2,30.246,0.0,0.0,0.0,,15.123,0.914,0.0002007,0.0,0.0,.trellis/tasks/06-14-cts-wirelength-unit-distortion/runs/wirelength_trace_cts/openroad__spi/cts_baseline/cts/ecc-tools/spi/work/icts-native/cts_detail.log,,,,,,
openroad__uart,full,0,19809,19.809,2,33.11,13.301,13.301,0.6715000000000001,false,16.555,0.914,0.0002007,12.157114,0.0026695107,.trellis/tasks/06-14-cts-wirelength-unit-distortion/runs/wirelength_trace_cts/openroad__uart/cts_baseline/cts/ecc-tools/uart/work/icts-native/cts_detail.log,,,,,,
openroad__uart,full,1,9910,9.91,1,16.555,6.645,6.645,0.6705,true,16.555,0.914,0.0002007,6.07353,0.0013336514999999999,.trellis/tasks/06-14-cts-wirelength-unit-distortion/runs/wirelength_trace_cts/openroad__uart/cts_baseline/cts/ecc-tools/uart/work/icts-native/cts_detail.log,,,,,,
openroad__uart,selected,0,,19.809,2,33.11,13.301,13.301,0.6715000000000001,,16.555,0.914,0.0002007,12.157114,0.0026695107,.trellis/tasks/06-14-cts-wirelength-unit-distortion/runs/wirelength_trace_cts/openroad__uart/cts_baseline/cts/ecc-tools/uart/work/icts-native/cts_detail.log,12,1,1,1.0,true,true
openroad__uart,source_trunk,-1,,49.665,3,49.665,0.0,0.0,0.0,,16.555,0.914,0.0002007,0.0,0.0,.trellis/tasks/06-14-cts-wirelength-unit-distortion/runs/wirelength_trace_cts/openroad__uart/cts_baseline/cts/ecc-tools/uart/work/icts-native/cts_detail.log,,,,,,
